command,mean,stddev,median,user,system,min,max
systemd-run --user --scope --property=CPUQuota=500%  --property=MemoryMax=5120K ./cell_distances -t5,6.950269005219999,0.03505296110780841,6.950269005219999,34.429773499999996,0.04073374,6.92548281872,6.975055191719999
